{
  "departments": [
    {"code": "010000", "name": "Amazonas"},
    {"code": "020000", "name": "Ancash"},
    {"code": "030000", "name": "Apurimac"},
    {"code": "040000", "name": "Arequipa"},
    {"code": "050000", "name": "Ayacucho"},
    {"code": "060000", "name": "Cajamarca"},
    {"code": "070000", "name": "Callao"},
    {"code": "080000", "name": "Cusco"},
    {"code": "090000", "name": "Huancavelica"},
    {"code": "100000", "name": "Huanuco"},
    {"code": "110000", "name": "Ica"},
    {"code": "120000", "name": "Junin"},
    {"code": "130000", "name": "La Libertad"},
    {"code": "140000", "name": "Lambayeque"},
    {"code": "150000", "name": "Lima"},
    {"code": "160000", "name": "Loreto"},
    {"code": "170000", "name": "Madre de Dios"},
    {"code": "180000", "name": "Moquegua"},
    {"code": "190000", "name": "Pasco"},
    {"code": "200000", "name": "Piura"},
    {"code": "210000", "name": "Puno"},
    {"code": "220000", "name": "San Martin"},
    {"code": "230000", "name": "Tacna"},
    {"code": "240000", "name": "Tumbes"},
    {"code": "250000", "name": "Ucayali"}
  ],
  "provinces": [
    {"code": "010100", "name": "Chachapoyas"},
    {"code": "010200", "name": "Bagua"},
    {"code": "010300", "name": "Bongara"},
    {"code": "010400", "name": "Condorcanqui"},
    {"code": "010500", "name": "Luya"},
    {"code": "010600", "name": "Rodriguez de Mendoza"},
    {"code": "010700", "name": "Utcubamba"},
    {"code": "020100", "name": "Huaraz"},
    {"code": "020200", "name": "Aija"},
    {"code": "020300", "name": "Antonio Raymondi"},
    {"code": "020400", "name": "Asuncion"},
    {"code": "020500", "name": "Bolognesi"},
    {"code": "020600", "name": "Carhuaz"},
    {"code": "020700", "name": "Carlos Fermin Fitzcarrald"},
    {"code": "020800", "name": "Casma"},
    {"code": "020900", "name": "Corongo"},
    {"code": "021000", "name": "Huari"},
    {"code": "021100", "name": "Huarmey"},
    {"code": "021200", "name": "Huaylas"},
    {"code": "021300", "name": "Mariscal Luzuriaga"},
    {"code": "021400", "name": "Ocros"},
    {"code": "021500", "name": "Pallasca"},
    {"code": "021600", "name": "Pomabamba"},
    {"code": "021700", "name": "Recuay"},
    {"code": "021800", "name": "Santa"},
    {"code": "021900", "name": "Sihuas"},
    {"code": "022000", "name": "Yungay"},
    {"code": "030100", "name": "Abancay"},
    {"code": "030200", "name": "Andahuaylas"},
    {"code": "030300", "name": "Antabamba"},
    {"code": "030400", "name": "Aymaraes"},
    {"code": "030500", "name": "Cotabambas"},
    {"code": "030600", "name": "Chincheros"},
    {"code": "030700", "name": "Grau"},
    {"code": "040100", "name": "Arequipa"},
    {"code": "040200", "name": "Camana"},
    {"code": "040300", "name": "Caraveli"},
    {"code": "040400", "name": "Castilla"},
    {"code": "040500", "name": "Caylloma"},
    {"code": "040600", "name": "Condesuyos"},
    {"code": "040700", "name": "Islay"},
    {"code": "040800", "name": "La Union"},
    {"code": "050100", "name": "Huamanga"},
    {"code": "050200", "name": "Cangallo"},
    {"code": "050300", "name": "Huanca Sancos"},
    {"code": "050400", "name": "Huanta"},
    {"code": "050500", "name": "La Mar"},
    {"code": "050600", "name": "Lucanas"},
    {"code": "050700", "name": "Parinacochas"},
    {"code": "050800", "name": "Paucar del Sara Sara"},
    {"code": "050900", "name": "Sucre"},
    {"code": "051000", "name": "Victor Fajardo"},
    {"code": "051100", "name": "Vilcas Huaman"},
    {"code": "060100", "name": "Cajamarca"},
    {"code": "060200", "name": "Cajabamba"},
    {"code": "060300", "name": "Celendin"},
    {"code": "060400", "name": "Chota"},
    {"code": "060500", "name": "Contumaza"},
    {"code": "060600", "name": "Cutervo"},
    {"code": "060700", "name": "Hualgayoc"},
    {"code": "060800", "name": "Jaen"},
    {"code": "060900", "name": "San Ignacio"},
    {"code": "061000", "name": "San Marcos"},
    {"code": "061100", "name": "San Miguel"},
    {"code": "061200", "name": "San Pablo"},
    {"code": "061300", "name": "Santa Cruz"},
    {"code": "070100", "name": "Callao"},
    {"code": "080100", "name": "Cusco"},
    {"code": "080200", "name": "Acomayo"},
    {"code": "080300", "name": "Anta"},
    {"code": "080400", "name": "Calca"},
    {"code": "080500", "name": "Canas"},
    {"code": "080600", "name": "Canchis"},
    {"code": "080700", "name": "Chumbivilcas"},
    {"code": "080800", "name": "Espinar"},
    {"code": "080900", "name": "La Convencion"},
    {"code": "081000", "name": "Paruro"},
    {"code": "081100", "name": "Paucartambo"},
    {"code": "081200", "name": "Quispicanchi"},
    {"code": "081300", "name": "Urubamba"},
    {"code": "090100", "name": "Huancavelica"},
    {"code": "090200", "name": "Acobamba"},
    {"code": "090300", "name": "Angaraes"},
    {"code": "090400", "name": "Castrovirreyna"},
    {"code": "090500", "name": "Churcampa"},
    {"code": "090600", "name": "Huaytara"},
    {"code": "090700", "name": "Tayacaja"},
    {"code": "100100", "name": "Huanuco"},
    {"code": "100200", "name": "Ambo"},
    {"code": "100300", "name": "Dos de Mayo"},
    {"code": "100400", "name": "Huacaybamba"},
    {"code": "100500", "name": "Huamalies"},
    {"code": "100600", "name": "Leoncio Prado"},
    {"code": "100700", "name": "Marañon"},
    {"code": "100800", "name": "Pachitea"},
    {"code": "100900", "name": "Puerto Inca"},
    {"code": "101000", "name": "Lauricocha"},
    {"code": "101100", "name": "Yarowilca"},
    {"code": "110100", "name": "Ica"},
    {"code": "110200", "name": "Chincha"},
    {"code": "110300", "name": "Nasca"},
    {"code": "110400", "name": "Palpa"},
    {"code": "110500", "name": "Pisco"},
    {"code": "120100", "name": "Huancayo"},
    {"code": "120200", "name": "Concepcion"},
    {"code": "120300", "name": "Chanchamayo"},
    {"code": "120400", "name": "Jauja"},
    {"code": "120500", "name": "Junin"},
    {"code": "120600", "name": "Satipo"},
    {"code": "120700", "name": "Tarma"},
    {"code": "120800", "name": "Yauli"},
    {"code": "120900", "name": "Chupaca"},
    {"code": "130100", "name": "Trujillo"},
    {"code": "130200", "name": "Ascope"},
    {"code": "130300", "name": "Bolivar"},
    {"code": "130400", "name": "Chepen"},
    {"code": "130500", "name": "Julcan"},
    {"code": "130600", "name": "Otuzco"},
    {"code": "130700", "name": "Pacasmayo"},
    {"code": "130800", "name": "Pataz"},
    {"code": "130900", "name": "Sanchez Carrion"},
    {"code": "131000", "name": "Santiago de Chuco"},
    {"code": "131100", "name": "Gran Chimu"},
    {"code": "131200", "name": "Viru"},
    {"code": "140100", "name": "Chiclayo"},
    {"code": "140200", "name": "Ferreñafe"},
    {"code": "140300", "name": "Lambayeque"},
    {"code": "150100", "name": "Lima"},
    {"code": "150200", "name": "Barranca"},
    {"code": "150300", "name": "Cajatambo"},
    {"code": "150400", "name": "Canta"},
    {"code": "150500", "name": "Cañete"},
    {"code": "150600", "name": "Huaral"},
    {"code": "150700", "name": "Huarochiri"},
    {"code": "150800", "name": "Huaura"},
    {"code": "150900", "name": "Oyon"},
    {"code": "151000", "name": "Yauyos"},
    {"code": "160100", "name": "Maynas"},
    {"code": "160200", "name": "Alto Amazonas"},
    {"code": "160300", "name": "Loreto"},
    {"code": "160400", "name": "Mariscal Ramon Castilla"},
    {"code": "160500", "name": "Requena"},
    {"code": "160600", "name": "Ucayali"},
    {"code": "160700", "name": "Datem del Marañon"},
    {"code": "160800", "name": "Putumayo"},
    {"code": "170100", "name": "Tambopata"},
    {"code": "170200", "name": "Manu"},
    {"code": "170300", "name": "Tahuamanu"},
    {"code": "180100", "name": "Mariscal Nieto"},
    {"code": "180200", "name": "General Sanchez Cerro"},
    {"code": "180300", "name": "Ilo"},
    {"code": "190100", "name": "Pasco"},
    {"code": "190200", "name": "Daniel Alcides Carrion"},
    {"code": "190300", "name": "Oxapampa"},
    {"code": "200100", "name": "Piura"},
    {"code": "200200", "name": "Ayabaca"},
    {"code": "200300", "name": "Huancabamba"},
    {"code": "200400", "name": "Morropon"},
    {"code": "200500", "name": "Paita"},
    {"code": "200600", "name": "Sullana"},
    {"code": "200700", "name": "Talara"},
    {"code": "200800", "name": "Sechura"},
    {"code": "210100", "name": "Puno"},
    {"code": "210200", "name": "Azangaro"},
    {"code": "210300", "name": "Carabaya"},
    {"code": "210400", "name": "Chucuito"},
    {"code": "210500", "name": "El Collao"},
    {"code": "210600", "name": "Huancane"},
    {"code": "210700", "name": "Lampa"},
    {"code": "210800", "name": "Melgar"},
    {"code": "210900", "name": "Moho"},
    {"code": "211000", "name": "San Antonio de Putina"},
    {"code": "211100", "name": "San Roman"},
    {"code": "211200", "name": "Sandia"},
    {"code": "211300", "name": "Yunguyo"},
    {"code": "220100", "name": "Moyobamba"},
    {"code": "220200", "name": "Bellavista"},
    {"code": "220300", "name": "El Dorado"},
    {"code": "220400", "name": "Huallaga"},
    {"code": "220500", "name": "Lamas"},
    {"code": "220600", "name": "Mariscal Caceres"},
    {"code": "220700", "name": "Picota"},
    {"code": "220800", "name": "Rioja"},
    {"code": "220900", "name": "San Martin"},
    {"code": "221000", "name": "Tocache"},
    {"code": "230100", "name": "Tacna"},
    {"code": "230200", "name": "Candarave"},
    {"code": "230300", "name": "Jorge Basadre"},
    {"code": "230400", "name": "Tarata"},
    {"code": "240100", "name": "Tumbes"},
    {"code": "240200", "name": "Contralmirante Villar"},
    {"code": "240300", "name": "Zarumilla"},
    {"code": "250100", "name": "Coronel Portillo"},
    {"code": "250200", "name": "Atalaya"},
    {"code": "250300", "name": "Padre Abad"},
    {"code": "250400", "name": "Purus"}
  ],
  "districts": [
    {"code": "010101", "name": "Chachapoyas"},
    {"code": "010102", "name": "Asuncion"},
    {"code": "010103", "name": "Balsas"},
    {"code": "010104", "name": "Cheto"},
    {"code": "010105", "name": "Chiliquin"},
    {"code": "010106", "name": "Chuquibamba"},
    {"code": "010107", "name": "Granada"},
    {"code": "010108", "name": "Huancas"},
    {"code": "010109", "name": "La Jalca"},
    {"code": "010110", "name": "Leimebamba"},
    {"code": "010111", "name": "Levanto"},
    {"code": "010112", "name": "Magdalena"},
    {"code": "010113", "name": "Mariscal Castilla"},
    {"code": "010114", "name": "Molinopampa"},
    {"code": "010115", "name": "Montevideo"},
    {"code": "010116", "name": "Olleros"},
    {"code": "010117", "name": "Quinjalca"},
    {"code": "010118", "name": "San Francisco de Daguas"},
    {"code": "010119", "name": "San Isidro de Maino"},
    {"code": "010120", "name": "Soloco"},
    {"code": "010121", "name": "Sonche"},
    {"code": "010201", "name": "Bagua"},
    {"code": "010202", "name": "Aramango"},
    {"code": "010203", "name": "Copallin"},
    {"code": "010204", "name": "El Parco"},
    {"code": "010205", "name": "Imaza"},
    {"code": "010206", "name": "La Peca"},
    {"code": "010301", "name": "Jumbilla"},
    {"code": "010302", "name": "Chisquilla"},
    {"code": "010303", "name": "Churuja"},
    {"code": "010304", "name": "Corosha"},
    {"code": "010305", "name": "Cuispes"},
    {"code": "010306", "name": "Florida"},
    {"code": "010307", "name": "Jazan"},
    {"code": "010308", "name": "Recta"},
    {"code": "010309", "name": "San Carlos"},
    {"code": "010310", "name": "Shipasbamba"},
    {"code": "010311", "name": "Valera"},
    {"code": "010312", "name": "Yambrasbamba"},
    {"code": "010401", "name": "Nieva"},
    {"code": "010402", "name": "El Cenepa"},
    {"code": "010403", "name": "Rio Santiago"},
    {"code": "010501", "name": "Lamud"},
    {"code": "010502", "name": "Camporredondo"},
    {"code": "010503", "name": "Cocabamba"},
    {"code": "010504", "name": "Colcamar"},
    {"code": "010505", "name": "Conila"},
    {"code": "010506", "name": "Inguilpata"},
    {"code": "010507", "name": "Longuita"},
    {"code": "010508", "name": "Lonya Chico"},
    {"code": "010509", "name": "Luya"},
    {"code": "010510", "name": "Luya Viejo"},
    {"code": "010511", "name": "Maria"},
    {"code": "010512", "name": "Ocalli"},
    {"code": "010513", "name": "Ocumal"},
    {"code": "010514", "name": "Pisuquia"},
    {"code": "010515", "name": "Providencia"},
    {"code": "010516", "name": "San Cristobal"},
    {"code": "010517", "name": "San Francisco del Yeso"},
    {"code": "010518", "name": "San Jeronimo"},
    {"code": "010519", "name": "San Juan de Lopecancha"},
    {"code": "010520", "name": "Santa Catalina"},
    {"code": "010521", "name": "Santo Tomas"},
    {"code": "010522", "name": "Tingo"},
    {"code": "010523", "name": "Trita"},
    {"code": "010601", "name": "San Nicolas"},
    {"code": "010602", "name": "Chirimoto"},
    {"code": "010603", "name": "Cochamal"},
    {"code": "010604", "name": "Huambo"},
    {"code": "010605", "name": "Limabamba"},
    {"code": "010606", "name": "Longar"},
    {"code": "010607", "name": "Mariscal Benavides"},
    {"code": "010608", "name": "Milpuc"},
    {"code": "010609", "name": "Omia"},
    {"code": "010610", "name": "Santa Rosa"},
    {"code": "010611", "name": "Totora"},
    {"code": "010612", "name": "Vista Alegre"},
    {"code": "010701", "name": "Bagua Grande"},
    {"code": "010702", "name": "Cajaruro"},
    {"code": "010703", "name": "Cumba"},
    {"code": "010704", "name": "El Milagro"},
    {"code": "010705", "name": "Jamalca"},
    {"code": "010706", "name": "Lonya Grande"},
    {"code": "010707", "name": "Yamon"},
    {"code": "140101", "name": "Chiclayo"},
    {"code": "140102", "name": "Chongoyape"},
    {"code": "140103", "name": "Eten"},
    {"code": "140104", "name": "Eten Puerto"},
    {"code": "140105", "name": "Jose Leonardo Ortiz"},
    {"code": "140106", "name": "La Victoria"},
    {"code": "140107", "name": "Lagunas"},
    {"code": "140108", "name": "Monsefu"},
    {"code": "140109", "name": "Nueva Arica"},
    {"code": "140110", "name": "Oyotun"},
    {"code": "140111", "name": "Picsi"},
    {"code": "140112", "name": "Pimentel"},
    {"code": "140113", "name": "Reque"},
    {"code": "140114", "name": "Santa Rosa"},
    {"code": "140115", "name": "Saña"},
    {"code": "140116", "name": "Cayalti"},
    {"code": "140117", "name": "Patapo"},
    {"code": "140118", "name": "Pomalca"},
    {"code": "140119", "name": "Pucala"},
    {"code": "140120", "name": "Tuman"},
    {"code": "140201", "name": "Ferreñafe"},
    {"code": "140202", "name": "Cañaris"},
    {"code": "140203", "name": "Incahuasi"},
    {"code": "140204", "name": "Manuel Antonio Mesones Muro"},
    {"code": "140205", "name": "Pitipo"},
    {"code": "140206", "name": "Pueblo Nuevo"},
    {"code": "140301", "name": "Lambayeque"},
    {"code": "140302", "name": "Chochope"},
    {"code": "140303", "name": "Illimo"},
    {"code": "140304", "name": "Jayanca"},
    {"code": "140305", "name": "Mochumi"},
    {"code": "140306", "name": "Morrope"},
    {"code": "140307", "name": "Motupe"},
    {"code": "140308", "name": "Olmos"},
    {"code": "140309", "name": "Pacora"},
    {"code": "140310", "name": "Salas"},
    {"code": "140311", "name": "San Jose"},
    {"code": "140312", "name": "Tucume"},
    {"code": "150101", "name": "Lima"},
    {"code": "150102", "name": "Ancon"},
    {"code": "150103", "name": "Ate"},
    {"code": "150104", "name": "Barranco"},
    {"code": "150105", "name": "Breña"},
    {"code": "150106", "name": "Carabayllo"},
    {"code": "150107", "name": "Chaclacayo"},
    {"code": "150108", "name": "Chorrillos"},
    {"code": "150109", "name": "Cieneguilla"},
    {"code": "150110", "name": "Comas"},
    {"code": "150111", "name": "El Agustino"},
    {"code": "150112", "name": "Independencia"},
    {"code": "150113", "name": "Jesus Maria"},
    {"code": "150114", "name": "La Molina"},
    {"code": "150115", "name": "La Victoria"},
    {"code": "150116", "name": "Lince"},
    {"code": "150117", "name": "Los Olivos"},
    {"code": "150118", "name": "Lurigancho"},
    {"code": "150119", "name": "Lurin"},
    {"code": "150120", "name": "Magdalena del Mar"},
    {"code": "150121", "name": "Pueblo Libre"},
    {"code": "150122", "name": "Miraflores"},
    {"code": "150123", "name": "Pachacamac"},
    {"code": "150124", "name": "Pucusana"},
    {"code": "150125", "name": "Puente Piedra"},
    {"code": "150126", "name": "Punta Hermosa"},
    {"code": "150127", "name": "Punta Negra"},
    {"code": "150128", "name": "Rimac"},
    {"code": "150129", "name": "San Bartolo"},
    {"code": "150130", "name": "San Borja"},
    {"code": "150131", "name": "San Isidro"},
    {"code": "150132", "name": "San Juan de Lurigancho"},
    {"code": "150133", "name": "San Juan de Miraflores"},
    {"code": "150134", "name": "San Luis"},
    {"code": "150135", "name": "San Martin de Porres"},
    {"code": "150136", "name": "San Miguel"},
    {"code": "150137", "name": "Santa Anita"},
    {"code": "150138", "name": "Santa Maria del Mar"},
    {"code": "150139", "name": "Santa Rosa"},
    {"code": "150140", "name": "Santiago de Surco"},
    {"code": "150141", "name": "Surquillo"},
    {"code": "150142", "name": "Villa El Salvador"},
    {"code": "150143", "name": "Villa Maria del Triunfo"},
    {"code": "150201", "name": "Barranca"},
    {"code": "150202", "name": "Paramonga"},
    {"code": "150203", "name": "Pativilca"},
    {"code": "150204", "name": "Supe"},
    {"code": "150205", "name": "Supe Puerto"},
    {"code": "150301", "name": "Cajatambo"},
    {"code": "150302", "name": "Copa"},
    {"code": "150303", "name": "Gorgor"},
    {"code": "150304", "name": "Huancapon"},
    {"code": "150305", "name": "Manas"},
    {"code": "150401", "name": "Canta"},
    {"code": "150402", "name": "Arahuay"},
    {"code": "150403", "name": "Huamantanga"},
    {"code": "150404", "name": "Huaros"},
    {"code": "150405", "name": "Lachaqui"},
    {"code": "150406", "name": "San Buenaventura"},
    {"code": "150407", "name": "Santa Rosa de Quives"},
    {"code": "150501", "name": "San Vicente de Cañete"},
    {"code": "150502", "name": "Asia"},
    {"code": "150503", "name": "Calango"},
    {"code": "150504", "name": "Cerro Azul"},
    {"code": "150505", "name": "Chilca"},
    {"code": "150506", "name": "Coayllo"},
    {"code": "150507", "name": "Imperial"},
    {"code": "150508", "name": "Lunahuana"},
    {"code": "150509", "name": "Mala"},
    {"code": "150510", "name": "Nuevo Imperial"},
    {"code": "150511", "name": "Pacaran"},
    {"code": "150512", "name": "Quilmana"},
    {"code": "150513", "name": "San Antonio"},
    {"code": "150514", "name": "San Luis"},
    {"code": "150515", "name": "Santa Cruz de Flores"},
    {"code": "150516", "name": "Zuñiga"},
    {"code": "150601", "name": "Huaral"},
    {"code": "150602", "name": "Atavillos Alto"},
    {"code": "150603", "name": "Atavillos Bajo"},
    {"code": "150604", "name": "Aucallama"},
    {"code": "150605", "name": "Chancay"},
    {"code": "150606", "name": "Ihuari"},
    {"code": "150607", "name": "Lampian"},
    {"code": "150608", "name": "Pacaraos"},
    {"code": "150609", "name": "San Miguel de Acos"},
    {"code": "150610", "name": "Santa Cruz de Andamarca"},
    {"code": "150611", "name": "Sumbilca"},
    {"code": "150612", "name": "Veintisiete de Noviembre"},
    {"code": "150701", "name": "Matucana"},
    {"code": "150702", "name": "Antioquia"},
    {"code": "150703", "name": "Callahuanca"},
    {"code": "150704", "name": "Carampoma"},
    {"code": "150705", "name": "Chicla"},
    {"code": "150706", "name": "Cuenca"},
    {"code": "150707", "name": "Huachupampa"},
    {"code": "150708", "name": "Huanza"},
    {"code": "150709", "name": "Huarochiri"},
    {"code": "150710", "name": "Lahuaytambo"},
    {"code": "150711", "name": "Langa"},
    {"code": "150712", "name": "Laraos"},
    {"code": "150713", "name": "Mariatana"},
    {"code": "150714", "name": "Ricardo Palma"},
    {"code": "150715", "name": "San Andres de Tupicocha"},
    {"code": "150716", "name": "San Antonio"},
    {"code": "150717", "name": "San Bartolome"},
    {"code": "150718", "name": "San Damian"},
    {"code": "150719", "name": "San Juan de Iris"},
    {"code": "150720", "name": "San Juan de Tantaranche"},
    {"code": "150721", "name": "San Lorenzo de Quinti"},
    {"code": "150722", "name": "San Mateo"},
    {"code": "150723", "name": "San Mateo de Otao"},
    {"code": "150724", "name": "San Pedro de Casta"},
    {"code": "150725", "name": "San Pedro de Huancayre"},
    {"code": "150726", "name": "Sangallaya"},
    {"code": "150727", "name": "Santa Cruz de Cocachacra"},
    {"code": "150728", "name": "Santa Eulalia"},
    {"code": "150729", "name": "Santiago de Anchucaya"},
    {"code": "150730", "name": "Santiago de Tuna"},
    {"code": "150731", "name": "Santo Domingo de Los Olleros"},
    {"code": "150732", "name": "Surco"},
    {"code": "150801", "name": "Huacho"},
    {"code": "150802", "name": "Ambar"},
    {"code": "150803", "name": "Caleta de Carquin"},
    {"code": "150804", "name": "Checras"},
    {"code": "150805", "name": "Hualmay"},
    {"code": "150806", "name": "Huaura"},
    {"code": "150807", "name": "Leoncio Prado"},
    {"code": "150808", "name": "Paccho"},
    {"code": "150809", "name": "Santa Leonor"},
    {"code": "150810", "name": "Santa Maria"},
    {"code": "150811", "name": "Sayan"},
    {"code": "150812", "name": "Vegueta"},
    {"code": "150901", "name": "Oyon"},
    {"code": "150902", "name": "Andajes"},
    {"code": "150903", "name": "Caujul"},
    {"code": "150904", "name": "Cochamarca"},
    {"code": "150905", "name": "Navan"},
    {"code": "150906", "name": "Pachangara"},
    {"code": "151001", "name": "Yauyos"},
    {"code": "151002", "name": "Alis"},
    {"code": "151003", "name": "Allauca"},
    {"code": "151004", "name": "Ayaviri"},
    {"code": "151005", "name": "Azangaro"},
    {"code": "151006", "name": "Cacra"},
    {"code": "151007", "name": "Carania"},
    {"code": "151008", "name": "Catahuasi"},
    {"code": "151009", "name": "Chocos"},
    {"code": "151010", "name": "Cochas"},
    {"code": "151011", "name": "Colonia"},
    {"code": "151012", "name": "Hongos"},
    {"code": "151013", "name": "Huampara"},
    {"code": "151014", "name": "Huancaya"},
    {"code": "151015", "name": "Huangascar"},
    {"code": "151016", "name": "Huantan"},
    {"code": "151017", "name": "Huañec"},
    {"code": "151018", "name": "Laraos"},
    {"code": "151019", "name": "Lincha"},
    {"code": "151020", "name": "Madean"},
    {"code": "151021", "name": "Miraflores"},
    {"code": "151022", "name": "Omas"},
    {"code": "151023", "name": "Putinza"},
    {"code": "151024", "name": "Quinches"},
    {"code": "151025", "name": "Quinocay"},
    {"code": "151026", "name": "San Joaquin"},
    {"code": "151027", "name": "San Pedro de Pilas"},
    {"code": "151028", "name": "Tanta"},
    {"code": "151029", "name": "Tauripampa"},
    {"code": "151030", "name": "Tomas"},
    {"code": "151031", "name": "Tupe"},
    {"code": "151032", "name": "Viñac"},
    {"code": "151033", "name": "Vitis"},
    {"code": "040101", "name": "Arequipa"},
    {"code": "040102", "name": "Alto Selva Alegre"},
    {"code": "040103", "name": "Cayma"},
    {"code": "040104", "name": "Cerro Colorado"},
    {"code": "040105", "name": "Characato"},
    {"code": "040106", "name": "Chiguata"},
    {"code": "040107", "name": "Jacobo Hunter"},
    {"code": "040108", "name": "La Joya"},
    {"code": "040109", "name": "Mariano Melgar"},
    {"code": "040110", "name": "Miraflores"},
    {"code": "040111", "name": "Mollebaya"},
    {"code": "040112", "name": "Paucarpata"},
    {"code": "040113", "name": "Pocsi"},
    {"code": "040114", "name": "Polobaya"},
    {"code": "040115", "name": "Quequeña"},
    {"code": "040116", "name": "Sabandia"},
    {"code": "040117", "name": "Sachaca"},
    {"code": "040118", "name": "San Juan de Siguas"},
    {"code": "040119", "name": "San Juan de Tarucani"},
    {"code": "040120", "name": "Santa Isabel de Siguas"},
    {"code": "040121", "name": "Santa Rita de Siguas"},
    {"code": "040122", "name": "Socabaya"},
    {"code": "040123", "name": "Tiabaya"},
    {"code": "040124", "name": "Uchumayo"},
    {"code": "040125", "name": "Vitor"},
    {"code": "040126", "name": "Yanahuara"},
    {"code": "040127", "name": "Yarabamba"},
    {"code": "040128", "name": "Yura"},
    {"code": "040129", "name": "Jose Luis Bustamante y Rivero"},
    {"code": "070101", "name": "Callao"},
    {"code": "070102", "name": "Bellavista"},
    {"code": "070103", "name": "Carmen de la Legua Reynoso"},
    {"code": "070104", "name": "La Perla"},
    {"code": "070105", "name": "La Punta"},
    {"code": "070106", "name": "Ventanilla"},
    {"code": "070107", "name": "Mi Peru"},
    {"code": "130101", "name": "Trujillo"},
    {"code": "130102", "name": "El Porvenir"},
    {"code": "130103", "name": "Florencia de Mora"},
    {"code": "130104", "name": "Huanchaco"},
    {"code": "130105", "name": "La Esperanza"},
    {"code": "130106", "name": "Laredo"},
    {"code": "130107", "name": "Moche"},
    {"code": "130108", "name": "Poroto"},
    {"code": "130109", "name": "Salaverry"},
    {"code": "130110", "name": "Simbal"},
    {"code": "130111", "name": "Victor Larco Herrera"},
    {"code": "200101", "name": "Piura"},
    {"code": "200104", "name": "Castilla"},
    {"code": "200105", "name": "Catacaos"},
    {"code": "200107", "name": "Cura Mori"},
    {"code": "200108", "name": "El Tallan"},
    {"code": "200109", "name": "La Arena"},
    {"code": "200110", "name": "La Union"},
    {"code": "200111", "name": "Las Lomas"},
    {"code": "200114", "name": "Tambo Grande"},
    {"code": "200115", "name": "Veintiseis de Octubre"}
  ]
}
